{
    "metrics": {},
    "model_name": "random_forest",
    "n_samples": 10,
    "feature_importance": [
        0.0,
        0.04040404040404041,
        0.030303030303030304,
        0.020202020202020204,
        0.0,
        0.0,
        0.010101010101010102,
        0.050505050505050504,
        0.020202020202020204,
        0.030303030303030304,
        0.0,
        0.0,
        0.0,
        0.020202020202020204,
        0.0,
        0.010101010101010102,
        0.010101010101010102,
        0.010101010101010102,
        0.0,
        0.03367003367003367,
        0.030303030303030304,
        0.020202020202020204,
        0.0,
        0.0,
        0.020202020202020204,
        0.04040404040404041,
        0.010101010101010102,
        0.050505050505050504,
        0.020202020202020204,
        0.0,
        0.020202020202020204,
        0.010101010101010102,
        0.0,
        0.010101010101010102,
        0.006734006734006735,
        0.0,
        0.0,
        0.030303030303030304,
        0.02693602693602694,
        0.010101010101010102,
        0.06060606060606061,
        0.0,
        0.0,
        0.030303030303030304,
        0.0,
        0.0,
        0.0,
        0.04377104377104378,
        0.030303030303030304,
        0.010101010101010102,
        0.020202020202020204,
        0.020202020202020204,
        0.010101010101010102,
        0.010101010101010102,
        0.0,
        0.0,
        0.06060606060606061,
        0.0,
        0.0,
        0.010101010101010102,
        0.030303030303030304,
        0.0,
        0.0,
        0.010101010101010102,
        0.0,
        0.010101010101010102,
        0.020202020202020204,
        0.0,
        0.030303030303030304
    ],
    "feature_names": [
        "index",
        "age",
        "years_experience",
        "years_location",
        "weekday_hours",
        "weekend_hours",
        "total_inventory",
        "monthly_purchases",
        "daily_sales",
        "monthly_revenue",
        "total_employees",
        "business_type",
        "location_type",
        "ownership_type",
        "education_level",
        "customer_segment",
        "payment_methods",
        "business_registration",
        "target",
        "age",
        "years_experience",
        "years_location",
        "weekday_hours",
        "weekend_hours",
        "total_inventory",
        "monthly_purchases",
        "daily_sales",
        "monthly_revenue",
        "total_employees",
        "business_type",
        "location_type",
        "ownership_type",
        "education_level",
        "customer_segment",
        "payment_methods",
        "business_registration",
        "target",
        "age + business_registration",
        "age + business_type",
        "age + customer_segment",
        "age + daily_sales",
        "age + education_level",
        "age + location_type",
        "age + monthly_purchases",
        "age + monthly_revenue",
        "age + ownership_type",
        "age + payment_methods",
        "age + target",
        "age + total_employees",
        "age + total_inventory",
        "age + weekday_hours",
        "age + weekend_hours",
        "age + years_experience",
        "age + years_location",
        "business_registration + business_type",
        "business_registration + customer_segment",
        "business_registration + daily_sales",
        "business_registration + education_level",
        "business_registration + location_type",
        "business_registration + monthly_purchases",
        "business_registration + monthly_revenue",
        "business_registration + ownership_type",
        "business_registration + payment_methods",
        "business_registration + target",
        "business_registration + total_employees",
        "business_registration + total_inventory",
        "business_registration + weekday_hours",
        "business_registration + weekend_hours",
        "business_registration + years_experience"
    ],
    "automated_features": [
        "age",
        "years_experience",
        "years_location",
        "weekday_hours",
        "weekend_hours",
        "total_inventory",
        "monthly_purchases",
        "daily_sales",
        "monthly_revenue",
        "total_employees",
        "business_type",
        "location_type",
        "ownership_type",
        "education_level",
        "customer_segment",
        "payment_methods",
        "business_registration",
        "target",
        "age + business_registration",
        "age + business_type",
        "age + customer_segment",
        "age + daily_sales",
        "age + education_level",
        "age + location_type",
        "age + monthly_purchases",
        "age + monthly_revenue",
        "age + ownership_type",
        "age + payment_methods",
        "age + target",
        "age + total_employees",
        "age + total_inventory",
        "age + weekday_hours",
        "age + weekend_hours",
        "age + years_experience",
        "age + years_location",
        "business_registration + business_type",
        "business_registration + customer_segment",
        "business_registration + daily_sales",
        "business_registration + education_level",
        "business_registration + location_type",
        "business_registration + monthly_purchases",
        "business_registration + monthly_revenue",
        "business_registration + ownership_type",
        "business_registration + payment_methods",
        "business_registration + target",
        "business_registration + total_employees",
        "business_registration + total_inventory",
        "business_registration + weekday_hours",
        "business_registration + weekend_hours",
        "business_registration + years_experience"
    ],